title,author,summary
1984,George Orwell,Dystopian future novel.
Moby Dick,Herman Melville,Quest for the great white whale.
Pride and Prejudice,Jane Austen,Romantic drama in early 19th-century England.
To Kill a Mockingbird,Harper Lee,Explores racial injustice in the Deep South.
The Great Gatsby,F. Scott Fitzgerald,American dream and social change in the 1920s.
The Catcher in the Rye,J.D. Salinger,A teenager’s journey of alienation and identity.
Brave New World,Aldous Huxley,Dystopian world of manufactured happiness.
The Hobbit,J.R.R. Tolkien,A hobbit’s epic quest for treasure.
War and Peace,Leo Tolstoy,Sweeping narrative of Russian life during the Napoleonic Wars.
Crime and Punishment,Fyodor Dostoevsky,A murderer’s internal struggle with guilt.
The Odyssey,Homer,Greek epic of Odysseus’s long journey home.
Les Misérables,Victor Hugo,Redemption and revolution in 19th-century France.
Frankenstein,Mary Shelley,Creation and responsibility of scientific innovation.
Jane Eyre,Charlotte Brontë,A young woman’s search for independence and love.
Great Expectations,Charles Dickens,A boy’s growth from poverty to gentility.
Wuthering Heights,Emily Brontë,Tragic love and revenge on the Yorkshire moors.
Dracula,Bram Stoker,Classic vampire horror novel.
Don Quixote,Miguel de Cervantes,Satirical tale of a deluded knight-errant.
The Iliad,Homer,Greek epic of the Trojan War.
Fahrenheit 451,Ray Bradbury,Dystopian world of book burning and censorship.
Clean Code,Robert C. Martin,A guide to writing clean, maintainable software.
The Pragmatic Programmer,Andrew Hunt and David Thomas,Practical tips for modern software development.
Introduction to Algorithms,Thomas H. Cormen et al.,Comprehensive algorithms textbook (CLRS).
Design Patterns,Erich Gamma et al.,Classic design patterns for reusable OOP solutions.
You Don’t Know JS,Kyle Simpson,Deep dive into JavaScript’s inner workings.
The Mythical Man-Month,Fred Brooks,Insights on software engineering and project management.
Code Complete,Steve McConnell,Best practices for software construction.
Refactoring,Martin Fowler,Techniques to improve existing codebases.
Structure and Interpretation of Computer Programs,Harold Abelson and Gerald Jay Sussman,Classic MIT introduction to programming.